guuid	spec	mlst
01471ea7-7e7a-43e2-84d0-aa04e1df6131	koxytoca	-
0289773b-c7e6-4c72-be2b-1da8dc1b0ab8	koxytoca	19
045c06a3-45c7-4d4a-8345-b6b47a3c3458	kpneumoniae	490
05baef21-6e93-4789-a138-d3782474750b	kpneumoniae	86
000774a6-5784-466e-8cb7-caa111dcafc5	ecoli	131
034e77f6-e525-42a6-a3fe-c86854b0622f	ecoli	38
02745057-7b57-442c-88d1-c4eab6209542	ecoli	23
0427d9d9-0483-47be-884d-7ec408034770	ecoli	38
017d25a4-a6ad-4826-9f65-e7a74b1c95cf	ecoli	95
00a6bb9a-799b-43d6-823a-4651c0452a2f	ecoli	73
0233ca07-2f55-4d5c-9187-8af851e62dcb	ecoli	131
0055f81e-2eac-46d9-a3b8-069d8eafe872	ecoli	12
05b38397-9080-496b-86de-69d0a57fc9ab	ecoli	38
00f9ff36-dcc6-453b-be28-04a53e482160	ecoli	155
02f7df04-03d7-4300-8748-6edb30cf2f5c	ecoli	88
070bfdb2-db66-4db7-be35-d193c883afad	ecloacae	118
06a0eba9-ff16-4640-8adc-f764a4b927a0	ecoli	12
064dcc28-eebb-454d-8595-f061980ab5ad	ecoli	12
07576148-4cb2-4e97-b3fe-e50d876b41a1	ecoli	73
06286bfb-e297-4bf6-bee4-75f8722feabe	ecoli	131
07758c44-c76b-4691-b921-d63bb5b82202	ecoli	69
07aafd66-5d8d-48ef-8edf-843728d1fbf9	ecoli	95
085f3158-e8a9-46a7-be3f-bbac2a357e78	ecoli	80
08950ca2-5b0b-4068-8305-33c608a6cacc	ecoli	73
0975de62-d2e9-43f7-9d44-24309830c6b7	ecoli	108
08ddc6b8-0f1e-4c7b-b600-36eb2281b06b	ecoli	69
09dff8c2-db9b-4089-82e9-64980b12faec	ecoli	73
08aa8736-ab5f-42d1-a980-15ad0e3c872c	ecoli	95
090e1bce-7233-4ce2-b357-21c7b35454ce	ecoli	140
09eef1cc-c9f9-4d33-a1c3-247c4a8eebba	ecoli	73
0aea426a-44b4-4a95-9b84-02f910e172a5	ecoli	69
0afe7285-a7cf-4b3d-b875-bca39c519b30	ecoli	173
0b2279f1-2c90-4e22-bd3e-a1751ce9c18a	ecoli	95
0db25674-24c8-48bc-a703-4a98d31de479	kpneumoniae	490
0c166d5c-fee3-4887-ab09-0e6d4e31c355	ecoli	1858
0b76c650-85df-4f1a-b8d6-3d7a12cee6e3	ecoli	131
0b23983d-2e95-43f9-8ece-ed233333d50b	ecoli	131
0c778e58-1160-4370-a9c1-d5883cfcf632	ecoli	69
0d6465b7-c1d1-4485-82ac-3bf2e2937535	ecoli	420
0ca54088-8a5c-4fc9-aa7e-83d5a85afb01	ecoli	73
0de49eab-5193-4a56-92b7-e48cb0ed8dc0	ecoli	135
0e511192-eb40-4e2e-b5a9-f93562523eb3	-	-
0df2177e-a058-4aeb-a077-bf22f14fccfd	ecoli	127
0f1f5c79-a055-40b7-b718-143ff1eb43c5	ecloacae	-
1066082a-9db5-498d-bdca-7ce6be4b5f84	kpneumoniae	86
0df2bfbf-ae2f-40fd-84c7-9c89c2393d12	ecoli	73
102bcca4-ee70-4251-bef5-bcfaebc1e3dc	ecoli	80
10554175-1812-4506-a177-a0d0c0206ac0	ecoli	144
10fdb62a-d39d-4135-95a6-d6599afa2283	kpneumoniae	14
1142371a-2563-46c0-b6d2-f873e9ec8690	koxytoca	49
10cee15d-06e2-4ae2-9155-2f0581ef0a3a	ecoli	95
11f973e0-91ed-41ee-b700-659682615cae	ecoli	420
11540ee1-36b6-4b88-a504-96dd0bc62866	ecoli	12
1266f7c3-0745-44db-afdc-f9b4f21a88d3	ecoli	127
12885be0-e7d8-4fb7-bab1-de366f8a2a15	ecoli	127
131e5e5f-9e96-4d4e-a0a0-fd3398f6e5c8	ecoli	95
135e7616-54ba-4aa7-aebb-09003f5b54a6	ecoli	12
1321227c-a885-4f7e-9953-5e8a958f6cb0	ecoli	372
13b1854e-cd20-4325-bf06-072c2de1ea40	kpneumoniae	490
138d2644-15f2-430b-9edb-57681d785b88	ecoli	10
13a4b49b-f57c-461a-9330-21d2a597eb54	ecoli	93
154e6100-6ca4-437e-933c-0e65384a6b65	kpneumoniae	307
14534de7-4a7b-469b-8451-5bda30ac96b6	ecoli	58
14913dae-2ac7-412c-9097-36b0dab1916c	ecoli	73
13ecbd76-da32-4fc4-8d8d-ba85b71fd0a7	ecoli	73
16b8b4dd-bc5e-4fb1-9291-1c3a1a0d5787	ecoli	69
16d44331-086e-4a5a-ade7-3a14d7bdcbcd	ecoli	73
16d8b1ce-be42-4067-b825-785b289665d2	ecoli	131
17b57f0b-2d18-479e-998a-a7a0b8499cbe	ecoli	12
17a3c054-5a11-4a41-9f4c-cd992f5f5b0f_contig	ecoli	12
17bfa93e-6d3a-445d-a2cc-84d2804d0a45	ecoli	95
182589b8-4c14-4420-95f2-c2f2e224ce30	ecoli	131
18adfcf3-15df-4a11-abb1-ec43d828d978	ecoli	131
192dbade-be69-489c-9d38-2d043ed51406	ecoli	95
1a0dface-0a19-410b-b9fb-18491f2d4dfb	kpneumoniae	17
198add03-e621-45b1-8caf-481ea2dcaaa4	ecoli	131
19e32405-efa1-4b4a-a3e7-c5499dbeba59	ecoli	69
19e642f3-b6a3-4044-b4e5-e7e015bfcd2f	ecoli	538
1c022b70-6af8-486c-94c8-02c1109758fe	kpneumoniae	-
1cb2f4ee-3073-4e12-8746-9a3f82c51ce0	kpneumoniae	1966
1acb67a8-5af5-42d1-b21c-9930d7975397	ecoli	1406
1ceef0f1-fe05-4a23-bdc0-22aca386db89	ecoli	73
1d272145-4d1f-417e-b67a-39b60e1e815b	ecoli	131
1da3b6f0-e0b6-4f45-8415-2d75fb6c4102	ecoli	73
1e7672fc-0db5-49bc-a3e7-2424157e6278	ecoli	73
1ebd9494-939c-4054-9d15-55b9eabe4f9f	kpneumoniae	54
1f0092db-aa6d-4476-81c5-935dfd952c29_contig	koxytoca	213
1ed9ba5c-5d7a-405d-aed7-8457aeb82f3d_contig	ecoli	297
2233c4fd-c922-4fa8-8b2a-e47069550774_contig	ecoli	5566
2294952a-6a80-4178-867b-dbb8080455ab_contig	kpneumoniae	468
1fdf9874-a588-4746-8623-bef66c99be9c	ecoli	127
1f9542a4-c74e-40c8-b546-65b193aafdf1	ecoli	95
2209722f-1095-4952-8131-b6f08869b9f9	ecoli	73
22a9cac9-e769-4e6b-bed8-01f835c0e170_contig	kpneumoniae	589
22de8ee1-57d3-473d-ae87-52a897bc780a	ecoli	550
242fad6f-1dfc-46b8-aa03-ce9238896fbf	ecoli	131
24a5d36f-8c59-4aee-816a-659ca2e65d47	ecoli	59
25bd9719-0055-44ad-a122-c490f08044b6	ecoli	38
2559c82f-4493-491b-bb92-7b6af95a3176	ecoli	-
25eed0ba-65ad-45ab-acf4-7e48994138e1	ecoli	12
260c1741-7027-4a38-96e3-669c0655fd20	kpneumoniae	490
261017a0-0b63-433d-87ae-ee5f3e3e6056	ecoli	367
29868da9-9dec-4cba-9066-19dae4ec4218	ecloacae	90
2689a1c8-ae9e-4f7b-bc2c-0ddc73053a02	ecoli	69
281d0ecf-b18c-46c9-95e0-f46cbcd2e826	ecoli	448
2ae575e3-f2cb-475b-b363-2aae7c927a17	kpneumoniae	661
27e2513d-6427-411b-ba7c-0f2fce69a57b	ecoli	73
2829c54a-2aaa-4897-99a3-5c71c680dcfa	ecoli	69
287e7e98-f7ab-477d-b4a5-46541ffda33d	ecoli	-
293df4d6-3962-4a9e-84d5-c0ca4d02430e_contig	ecoli	73
28cfd66c-4b98-4dd5-8f32-eabeef3fe2fb	ecoli	131
2b4d0bc7-315e-4a17-9eae-1d33d7892843	kpneumoniae	17
2b39f0a9-530e-4a5a-a333-bf95b89b27d4	ecoli	106
2bcb48ca-133b-4c9d-a7bc-da1e86587299	kpneumoniae	147
2bb315ce-6907-4f03-9416-982c07d47256	ecoli	14
2bb55f31-9780-4851-9ea1-437573f97e6b	ecoli	73
2bbace60-69b0-4521-b60e-5b37013e2d29	ecoli	421
2c3757fc-83c0-4398-9b28-e81d6ef064a3	kpneumoniae	661
2bcdf6bf-8da7-4ea6-aa43-5e4fe899f1e3	ecoli	73
2c4dd5f0-c217-489c-a22b-850894fc31fb	ecloacae	168
2c0269fe-7122-4a79-ada6-8a679108e850	ecoli	73
2c11aa2e-b253-495a-aae7-8b3ca2de1872	ecoli	131
2d34f0da-9a36-493e-ab88-99f8618fddd2	ecloacae	148
2cb87762-b451-4d39-a43a-ced1d6952b47	ecoli	372
2dc90f08-4702-4f0a-af9d-a6329be41242	ecoli	2165
2d38365b-46ca-4154-a524-2c395cc0495f	ecoli	394
2d643cef-a5db-4f38-bf56-b50abcda6c91	ecoli	73
314f8754-fb98-428e-bcfc-02b57d9f8d19	kpneumoniae	-
2e7ae473-5c0e-41de-869f-27c85593e736	ecoli	131
2ec118f1-e354-42bc-98d4-96882f18cb35	ecoli	127
2fa2a434-7c7d-4c9f-ac7d-4cf2b64ba7aa	ecoli	73
2eecae02-a749-4a34-83d4-33e9c2e74f3e	ecoli	10
321e0aa2-d2fd-49e9-b2b9-c36198e1f77d_contig	kpneumoniae	-
31b958a4-03b3-4a7f-ba81-77be0dda40c5	ecoli	537
327854de-7865-4d75-978a-612839c045a3	kpneumoniae	2891
32088d5d-8579-43e3-b01a-81a4c283ea38	ecoli	778
32534dbe-3f9a-4247-993d-ef3211f58dbe	ecoli	95
32d30fb4-1938-455d-8a46-1727cdd43954	ecoli	69
330d01c8-33cc-4f1f-8c64-ec49bfa9113b	ecoli	541
33313b4b-6e17-4856-8cb9-5a2251186854	ecoli	-
333acdb0-ca54-432d-aa39-6518e8214608	ecoli	404
340bb8ac-3d66-452e-ba16-581afcbca8e8	kpneumoniae	490
3412ce23-d85a-4b08-a97b-db3ef8a9e27a	ecoli	104
340ed47c-5b72-4e42-a038-214ece7c0d4c	ecoli	131
3447545d-09b0-4096-9211-874c50c7d7fe	ecoli	88
35114152-2868-4ba9-8173-01a462cbf558	ecoli	144
361b05d4-dcde-44f6-af85-24bb2c695313	ecoli	69
37a65946-9349-4e2b-a92f-a3c867218fb6	ecoli	537
363148f7-0109-4750-a165-aed14be03199	ecoli	95
37eaccb8-0b43-4a5b-8e99-0067fef3880d	ecoli	428
38c36f78-30c3-4d82-880f-b9bca9f732ed_contig	koxytoca	27
38434407-fa5f-4296-99be-2750909179f9	ecoli	219
389ef33b-8677-40b6-b160-3102d31d3e2b	ecoli	69
3a9e40a3-d151-43f1-b82e-9decb5d23dcc	ecoli	409
396bbe16-2273-4d30-a8d9-a8bf02100db9	ecoli	131
3accfe81-a401-4a19-98f9-149e6e717366	ecoli	73
3b6fded6-7625-4e20-9eaa-7f5765b2cdc4	kpneumoniae	1093
3b43d804-7478-4eaf-9a7a-95e818e2dc8a	kpneumoniae	4275
3ae33e2d-e4ac-4152-86f6-9b629a7fff86	ecoli	-
3c5148c1-5637-41d8-995b-ba4a6c050b12	kpneumoniae	37
3bccb69b-754a-4732-b5bb-7a34b359be35	ecoli	131
3bc22448-4e66-4fc0-864f-8942d1bf7986	ecoli	297
3c0f34c7-9fc2-4993-8613-7c49cfa57a61	ecoli	73
3e0c61cb-7e60-4704-bd5b-fa5e3764be5e	kpneumoniae	490
3d06b356-a78a-4561-92dc-389099ebefb3	ecoli	73
3d06adba-9ec1-4fc6-b246-c58eb5569dfe	ecoli	1193
3d630dbb-9d4c-4c50-b89d-f313e5f4311b	ecoli	14
3e2f6d51-5500-4dab-a429-476ee572df97	ecoli	12
3e5ce2df-15f9-4f24-8849-a6afe6533f83	kpneumoniae	39
3e6aae4c-c337-48b5-8679-612e8b7e9d49	kpneumoniae	45
41a7b807-109e-4da3-9e3e-5604a363f11c	kpneumoniae	1423
40d4b705-b010-4cc0-aa8b-30a9eec80e08	ecoli	95
3eaabda1-37f7-45d5-a3a8-b0f3ada575e0	ecoli	73
3f6f3b37-4c3a-48ae-b713-1ef49a118d29	ecoli	2558
40fa8cb1-b107-4aaf-8121-379e61a73316	ecoli	73
41ec76b0-af9b-4caa-89e6-673e8072724b	ecoli	95
424da611-5e94-408a-b4e6-19050f819a67	kpneumoniae	490
428c7f91-488a-41c4-8a14-2f6283f07a5f	ecoli	155
42646489-9bb5-439e-afa3-6ea9162c531e	ecoli	73
429e9986-8105-40e1-bcac-7f92bc460949	ecoli	73
42d638e9-39fd-4fb2-b5c7-1d8b011f30b1	ecoli	95
42fb2d23-c013-4139-8170-4fb415a6a166	ecoli	95
441e6280-ddcd-4ba7-9682-e1ad90820df6	ecloacae	145
43281714-0188-48a3-b2a7-907a3f5c368a	ecoli	73
451e14ea-b517-45b0-a9fc-65ca5eda1c35	kpneumoniae	1017
44027ac6-3e8e-4b70-9222-d0e6d4d0173b	ecoli	95
45678cfb-c4ad-45ee-8f30-c7926928424c	kpneumoniae	-
44364fb4-f521-4dfd-adef-29c02e7d8cf6	ecoli	95
44f12724-8e64-4bb9-876e-70a8010173e1	ecoli	-
461e929a-e4c1-4f9d-9f04-6a21b3dfa9af	ecoli	569
45074c78-1a26-4d99-a373-775c07f93151	ecoli	131
45b6c721-7bf3-4e87-a8b4-fcbf31fcd0c1	ecoli	80
462f6b7d-946c-45bb-b8ab-f3d4c2f5d015	ecoli	10
46961947-f400-4ca3-8d92-817d4f4eb040	ecoli	131
46eaac8e-40fa-4e37-ad5d-7cf5d2827c1a	kpneumoniae	490
46e46d4f-d048-4817-8590-11957b907f49	ecoli	1800
46f08c17-78e9-4324-9d08-23cb67dfd219	ecoli	131
47031fef-6208-467d-9881-9be19052b468	ecoli	131
4784f012-8eff-48a5-b2da-2caea24257b0	ecoli	95
481920da-a029-46f5-b5b9-def104b41f39_contig	ecoli	69
47e15372-7c9f-41be-a536-36c5e5cffd19	ecoli	390
4877b1e2-641a-4e3f-be9a-10f82ff477d5	ecoli	12
4842da78-7fad-45e4-935b-8fa1ceeb1d92	ecoli	131
49010bb8-4ff5-4a0f-ae13-34104782903a	kpneumoniae	490
490ceb2b-a6c4-42f3-a02a-2fc48981fc12	ecoli	95
4993cdee-578c-4a59-81af-223c38fd0b52	ecoli	131
49957fa3-b570-4943-a250-f4dc5a030055_contig	ecoli	73
49192a11-203d-4844-a506-94648b9230c8	ecoli	12
4b38d4a0-3df3-4598-9397-43a9570c2cb5	kpneumoniae	278
4be0c66e-89f3-4eeb-9950-8703b923c75a	kpneumoniae	-
4c3e21df-0349-4b61-a520-d3e909e920fb	kpneumoniae	218
4ae34efb-6951-4cb2-bb87-aa847fbee3ec	ecoli	1081
4a04f034-246b-4c0c-9969-0eb4fad52b30	ecoli	80
4c6f0b7a-a4f1-47d3-8b3a-100a530c24c5	kpneumoniae	34
4c98e400-f38a-4cd4-8e06-d01d915a12bc	kpneumoniae	86
4afe0a7c-cacd-40b9-9733-85295590ee16	ecoli	617
4e14f79b-b372-4f6d-a762-b4942a514281	kpneumoniae	10
4d2e1ae9-8383-4b49-8eef-0d508a0acb79	ecoli	95
4f06a9e3-ab81-43b6-9f7c-a39f97ea3132	ecoli	73
4e2d86d4-5336-4a69-b816-45c1fcc2cffd	ecoli	131
4f2aa123-09aa-445f-8248-361f479369ca	ecoli	4024
4f4eb4a7-af56-4028-8c6b-e1014488b0ad	kpneumoniae	490
50c5ce8e-9a79-4194-aabf-326c9c40f011	koxytoca	88
505996bc-dd99-4900-a1e4-337b1825f1bc	ecoli	636
50cc339e-23f7-412c-a03d-7e256e339236	ecoli	131
50e533d4-af86-47f6-982b-6bf73924b207	ecoli	73
511cc62d-7a6e-4917-9abf-a391a2ea2c56	ecoli	131
5252df4f-4230-47bb-85ff-6f6cf43cffb1_contig	ecoli	38
513654df-c4b5-4684-b304-e3f53c67c1c9	ecoli	10
53ffb45a-9c61-4e67-addd-a921a3c48672	kpneumoniae	490
52fe5438-9c28-4f69-8b86-42f16adde423	ecoli	537
5295590b-4519-470a-8416-e8045f05c677	cfreundii	543
54004f28-8c5f-4c63-a2a4-ca7a02e4e8a4	ecoli	69
5450515a-d3b9-4ab2-809f-42358f892675	kpneumoniae	490
543fd233-a13b-4616-ad19-d0dd75da4142	ecoli	69
54988350-0e74-4175-bb28-5c4a782e1de5	ecoli	69
54a1f115-3ae8-4824-b77b-95df499f6904	ecoli	302
5510c3c5-5101-44b5-a3b6-6ea3c8bf34ba	ecoli	12
58a3e8ce-69f7-4ed5-92e4-a18b9b1ad291	kpneumoniae	870
581d3616-a29e-4ef3-bc78-dbce163df530	ecoli	95
58907c22-a3bd-4520-8b8d-458df8a8ab1c	ecoli	73
58ca2a63-3fd7-4745-b284-f6ead48aebd9_contig	ecoli	95
58fb178b-2103-40b4-a8df-1f604d431bd2	ecoli	95
59a9531e-4768-4507-ae98-8d1284a28ca9	kpneumoniae	2263
5946d639-dfeb-4164-9b42-c8b35fab9560	ecoli	-
5955c9f3-c3c9-413f-ba79-7c6a60e1fef3_contig	ecoli	-
5a18aad0-9416-44de-8bbb-99210ef5e40d	ecoli	73
5a1c5982-1ba5-4c5a-82db-d36bf8750577	ecoli	744
5b37ace7-8139-45cb-ba9a-2bb6af05baca	kpneumoniae	273
5a237f61-7e10-41f2-91da-279fbb0d8b90	ecoli	23
5b1e6d3f-be30-4896-8717-77f9bd8cbf26	ecoli	12
5aa15531-39e6-48d0-8f6c-e8c962c54d64	ecoli	1057
5b70b4e0-9406-4d27-9cc0-9479ba272ec6	ecoli	95
5c08a502-1572-43d4-a3ae-69d54ff242fc	ecoli	-
5d6b6834-6a6c-42f9-b8d0-4b5d8f73dfbd	kpneumoniae	-
5c794493-c0c5-420c-9ad6-c01419f95255	ecoli	127
5c86edcd-9feb-40ae-8189-ae51f1228b6b	ecoli	446
5cd060e3-e1a9-4f85-bcbb-8d279f81f61e	ecoli	1193
5d687ab2-ef7d-4141-b249-b9ad6f03a091	ecoli	550
5dabef00-8bac-4f0e-a685-4d0d987f3335	ecoli	95
5f2d5493-c995-48b6-a3c2-2b4d6404c091	ecoli	73
5e54d095-2a76-472b-9f2a-71fdcdd1faf9	ecoli	69
5f41f264-cfc7-4a84-9e20-13c535c90532	ecoli	73
5f750c60-a79b-44bb-96b2-092d5cc4923b	ecoli	297
608a7723-386c-4972-8994-5ea2c30900a1	ecoli	393
61059306-a310-445b-97cf-bb9e8c1c8765	ecoli	101
6171bd1a-87b7-4d03-9602-d903e3baeff0	koxytoca	-
6148fe8a-2f3c-4be1-b432-681f32691acc	ecoli	95
615ba984-a12a-4270-a47d-34f15a630cfc	ecoli	73
61522f77-162f-40cf-af3f-fcd31ef56c28	ecoli	10
6163fde0-634b-4dbf-92ff-d263af0a2aa5	ecoli	117
619cef82-709a-4f53-87d9-36a32b49c404	ecoli	73
64a5cf57-ada0-4fb5-a3c5-6521d9a36725	kpneumoniae	1108
6208a686-1b12-417d-9600-41ef5ff6e7c1	ecoli	58
64d1a26e-0539-4c87-ba27-22fa1be0ce09	kpneumoniae	111
62b7b1cc-620f-4711-a0bf-23a840913c60	ecoli	101
63303e97-9d87-4442-94bf-aa2340a4f294	ecoli	73
642f2afb-de8b-4c24-b59f-43ec97446e18	ecoli	141
6547d399-cea7-4437-ba06-a2704a381dbb	kpneumoniae	-
63a31418-37b1-41b6-acf6-9f1aa9bf1d62	ecoli	73
64cd5fe5-e57a-43f6-a7f1-4d2a9df4763a	ecoli	38
65c6d1d9-6da4-439f-a215-fc92d41383d2	kpneumoniae	-
651a1eab-e404-4c02-b8af-d54b7ed65dac	ecoli	131
65bb2a5c-0256-4f6c-838e-d44c14bf0797	ecoli	131
661b5ace-a17a-4564-a1f0-e4ae96378222	kpneumoniae	147
664c3660-9cf6-40e5-b4d1-286736aae5d2	kpneumoniae	20
66820ded-699b-4380-9230-edbe678a98c8	kpneumoniae	3964
661052b4-6c7d-4d79-85ba-bf81021612dd	ecoli	73
66b8c4fe-d9a5-4a97-8952-99fd8bd3d9fb	kpneumoniae	490
668d6403-7f84-4f10-8096-1ac229d583b1	ecoli	73
6723071e-50e6-44b5-8429-80d4340b29e2	kpneumoniae	490
6813eb61-ba4b-42c9-bdbf-183de7e6bfcd	kpneumoniae	1015
67a8b714-c04c-4e35-aada-7f277b4d8cfa	ecoli	73
6811ffce-33be-42ff-886a-dc2272051fb2	ecoli	73
68551f6e-ee24-47f4-af2c-0bdab4a99449	ecoli	1670
68da53a8-a3fa-4e3b-81fe-1bc465201650	ecoli	69
69588e68-cd0b-4f3f-99e9-e9cf8a1b8f00	ecoli	421
6994d6a4-c06a-49fb-b525-e818ecf32438	ecoli	73
6bc744f2-693e-497f-a051-ed281ca8603d	ecloacae	484
69a68a71-05bf-4ef0-b462-0bb815f74795	ecoli	567
6a2058e5-0415-4a6c-895b-fdf48b19c484	ecoli	131
69bed93b-e5ab-41cc-ad15-3752cec77c0b	ecoli	12
6bbdda31-6a21-422a-ad7d-644f0833bdf6	ecoli	9962
6ba12ec2-8eaa-44f2-8a23-512410a1e373	ecoli	95
6cd93f30-37c0-465e-a400-9cfd68b0f4bf	ecoli	607
6d56e0ac-ac84-4be0-9f62-23da23010aff	ecoli	131
6d5dcd20-d44e-4a17-8da5-ef2e7cb5aabc	ecoli	54
6e99720d-f2da-4a8a-9fe1-4d59462e2f67	koxytoca	-
6d816c41-2790-4a34-a101-da5cbb711869	ecoli	550
6f4ff53f-52ca-4d3f-beef-a8608a7ccea0	kpneumoniae	1012
6dc1d518-cafa-4e4a-9b12-7d583d2513ba	ecoli	131
6d90e366-4b9a-4a56-abeb-9f2e08a4987a_contig	ecoli	73
6e507f94-4260-4915-9e82-36b350bf04cf	ecoli	196
6f55e25c-9d8e-4c60-9560-dc78d6cf2c78	kpneumoniae	1108
6ebe24a5-f156-4486-acc1-1f7ac197fcd7	ecoli	73
6f8c14be-5b39-4d40-a487-6179d0be4fbb	ecoli	409
6fbda500-80d5-46fd-9afb-35b063bc141e	ecoli	131
70446dd0-0f80-47ba-9a14-6417cfa3e4cc	ecoli	4219
70052096-1cb7-4e9c-a1d0-552da0132b1f	ecoli	537
7155ff88-b87a-4ac8-8b38-31a90091222c	ecoli	131
719706c9-d81a-499b-bec6-25781f8ff82d_contig	kpneumoniae	490
7315799e-7895-4cb3-9759-42c3b7228c5a	koxytoca	-
724e506d-da63-4670-8f82-33147d7f8220	ecoli	1057
7276018f-4087-4815-a3fd-5dea00daa85d	ecoli	69
72a056ab-3bdd-44b7-85d6-098126968f59	ecoli	73
72bf1325-0294-4701-9fa2-907aa1dc6778	ecoli	73
745ece75-479a-43c0-b016-db601fe9fa70	cfreundii	116
747f9617-59e8-4561-beb2-17af94d358cf	kpneumoniae	1198
73d0f482-64ad-42de-a177-9f8ab30ea9e1	ecoli	-
735cbefa-044b-407f-a0cb-4605273352ae	ecoli	73
73ff5e41-0767-41de-ae92-c49a4ddf3c5c	ecoli	167
766560c2-3aa6-4795-bd97-ee7595838c2c	ecoli	69
744d1a43-9542-4baf-a334-3afea271fd98	ecoli	73
771de812-3ebb-4eb9-acba-0794f9144e46	kpneumoniae	29
77631cba-b311-4349-948f-b9f95901febe	kpneumoniae	45
76c97e70-4dd9-4463-a0eb-51919e892ee9	ecoli	1972
778143a0-5a6f-47c3-8d36-9c8e21b9b3d6	koxytoca	-
76ed74d0-5ad3-46d3-a024-8178b8c9be5e	ecoli	173
7884f4ff-f099-430e-b4dc-2b4a88dd8d40	cfreundii	125
77e944ab-d954-4962-b9c2-2e2b6950a460	ecloacae	422
77b41f73-362f-4f83-b588-32ab7e808700	ecoli	95
78a30455-a619-4fba-9885-435b346304e5	ecoli	1193
791ce341-2841-49a8-afed-0bd71bc301e0_contig	kpneumoniae	420
78c6ad53-cb9f-4ad3-9073-1528114f55a0	ecoli	362
78ad7031-5a20-4b1e-916c-15af9b747c6f	ecoli	131
78c8deb6-c54c-4f7f-9b17-228161f04609	ecoli	69
793e226a-c644-4b4d-b71a-3fc83e1e04b9	cfreundii	-
79c9a10f-afd6-4025-b127-1af4da0847ba	ecoli	73
7a3b378b-508a-4fd1-a1c3-589ddc2bfc32	ecoli	10
7bb2ee27-2be3-4514-a8bc-f33b1d0dca9a	ecoli	567
7b2f3125-e080-4c4e-ae17-6aad33ae8362	ecoli	538
7bb77a24-84ef-4ea7-a621-c66eb14937ad	ecoli	73
7c0b4b13-7c0b-49d5-b708-5f0139dc6437	ecoli	10
7c2ecfd7-1350-468b-a79c-a4695c989f66	ecoli	73
7e70ff39-e88a-46b7-8286-ecc771c275ec	kpneumoniae	14
7c59be94-88a0-4e09-96b4-3870c671259c	ecoli	537
7ecf1e2e-3d06-4974-9de1-52e485d6d84e	kpneumoniae	502
7df55b19-55d4-4965-85ba-fcd5b5b9ddd4	ecoli	95
7e794ac3-4477-409e-883d-e42fd954f6f4	ecoli	73
7f64fa61-358a-4e59-9dcc-cdf122faee9e	kpneumoniae	23
7e8804cd-5cc2-4e2e-87fc-94d38171f0d0	cfreundii	543
7f6de915-1e65-4750-b6c8-a5f1710e981b	kpneumoniae	48
7f6961c0-d77f-41dc-a049-13006b38b07c	ecoli	73
80f189f9-667c-4a3b-87b6-7adc140fd9fd	ecoli	131
818dafd5-9a79-4172-bc8c-e0cb619f84bb	ecoli	95
819b85b6-2709-46ad-8004-087c5bcb6947	ecoli	1643
826d77b2-ea4c-43b9-8eb1-df531f7b4342	kpneumoniae	4106
87d75e07-ef76-4213-b9cc-e64bd9192b55	kpneumoniae	15
8259218e-f654-43e8-a948-66522c2edccd	ecoli	131
82a258c9-b322-4622-a8a6-970ce9c4c716	ecoli	12
831a92e0-cc18-40de-bcec-4a5eb9e4af59	ecoli	38
87944cf8-d204-422f-aeb1-77a945a91419	ecoli	162
8814ab3d-28ae-4780-ba5f-b90ee1b83a9b	ecloacae	1200
87df4730-836e-4532-93b8-7a729e0edd42	ecoli	59
87ea03e0-cdce-472a-a072-446c4b1eef6f	ecoli	23
8809589b-b12d-47bb-b73a-e824400171ab	ecoli	131
88d75b62-7a03-4f52-89d3-2d445277c03a_contig	kpneumoniae	1875
88abf2b5-6d98-4bbe-818b-9e2bbfbbe404	kpneumoniae	37
891d9059-0713-41b8-b3eb-ca0a53d09ace	koxytoca	-
89748731-1b13-44a0-b8e0-3e156e0d8185	kpneumoniae	14
88cebbef-7d33-48e7-8bea-065d4381e6de	ecoli	73
89fe0306-5e9e-4257-bded-d3857927eb27	kpneumoniae	-
8a64e1a7-94ce-408e-9cef-0092b73d78c3	-	-
8920884b-6329-49fb-9d22-459bd44fb2e8	ecoli	95
89db24b5-c60a-4ef1-9658-d9ab7e34893c	ecoli	73
8a03a412-6006-4d8a-b95c-eda94ddd25dc	kpneumoniae	29
89fd27ed-dbeb-419b-8d32-10b7d0b4963c	ecoli	69
8a545b30-4c4f-49c2-bd5a-507040706018	ecoli	95
8b27b756-c824-4928-a499-17ed27a98b09	ecoli	131
8b24b1af-5851-4ab2-b529-53b3c4eedee2	ecoli	95
8a6017a9-2310-4929-bfdb-296abc247e8d	ecoli	73
8c1b0180-8b64-4cb5-a798-eb91f2f33a6c	ecoli	1193
8c58683f-32ce-4c9c-918b-e299755eb570	ecoli	453
8cddf2a5-6bb9-49d5-8f78-34bee1961d2d	ecoli	2279
8cd09d68-65cc-451c-a06e-ed1bc13b4b60	ecoli	95
8da213d1-8e36-48ce-873d-9c8ef88dd0c4	ecoli	131
8e1480a0-8a91-4ebe-b9bd-e79f9d30a460	ecoli	141
8edc5eeb-4418-45cf-9c3b-2e25731734a6	ecoli	544
8fbc629c-1b81-47ff-a95c-3f487040f690	kpneumoniae	14
8f23084c-2332-4e72-94c2-2c66a54e9dbf	ecoli	73
8fc0f753-46ec-4044-8210-7b525b858036	kpneumoniae	490
8f4731eb-324d-4db1-82e7-94495c2a243d	ecoli	14
9083151e-b3f3-4b7a-9a21-649346aa26cd	ecoli	-
9028cbf4-58c2-4199-96d5-1c778440423f	ecoli	69
91cfd58d-f82a-4051-b2de-d15eb34cad60_contig	kpneumoniae	-
91105401-a2ac-41fc-bf71-a64e8b50301a	ecoli	68
918049ea-1d20-4f1a-b9b2-471793f7638f	ecoli	5824
9224d49b-4b19-49f6-bbaf-5ab2d2e1f9fd	ecoli	1859
92fa40a8-09d2-49d4-b03b-7de4873fd9fb	koxytoca	-
92626895-8916-4769-a641-b853e5b03572	ecoli	73
9326c155-46dc-40df-b1d6-25336a1d1984	kpneumoniae	13
926ff07a-44d2-43e6-8595-808221deec9a	ecoli	131
9285ff33-370e-4016-a74b-f7c214610454	ecoli	12
936a4ee1-0e57-491f-bbf5-ea5583291864	kpneumoniae	14
93baf468-ad52-423c-b98e-0f7d0bf6aac4	kpneumoniae	20
92c5ad69-2770-4b6e-844f-2ef5cc31ad4c	ecoli	73
94a4fbd5-4a31-41de-96bd-2b1b5a1cbb10	ecoli	2015
9584111a-0ce4-419a-8fc7-0b0516fb9afc	kpneumoniae	-
950e331e-37e8-4e99-b581-14b884318eb8	ecoli	131
9537c39e-2106-4ad0-9f26-3f7936cc8aab	ecoli	95
95aa2b83-7943-46f2-832f-4f93ca01e245	ecoli	1851
959bd38a-da72-4714-a022-1d2795a1ff9f	ecoli	73
95e67933-65ea-4e55-8923-f73f6c3f24df	kpneumoniae	14
95c4ee83-daa0-4f0d-9caf-8ab1651fda07	ecoli	404
961b1e33-1499-4759-8571-f261d535ba5b	ecoli	12
9655c98c-c268-463d-a672-0dc8da0a1f8c	ecoli	648
971eadc9-3853-4b97-bb34-54a48ea961c7	kpneumoniae	14
9671e925-4f84-49b6-98f1-cf2f8ff84446	ecoli	95
96fff6cc-b403-4704-a62d-181aec55a1c3_contig	ecoli	131
97a209cb-53c0-48c1-8816-b98b4e9ea3c5	kpneumoniae	189
975d05d7-665e-4fcc-b438-5c84505bfb09	ecoli	95
98bc79d8-7659-4a5b-8a5d-e936b709aaae	cronobacter	-
98764f14-6f98-402a-9f67-848bcda4d204	ecoli	1081
98913108-351b-4d32-810e-408d3d4a918e	ecoli	12
9c531bec-bd06-417e-a57b-1cf0a03504dd	cronobacter	-
98c5e507-ee31-4910-8a54-59736282418d	senterica	-
9b523400-f543-4811-8b3c-fa821ef85365	kpneumoniae	48
99051ff4-3425-4c50-905e-c3e51b97ce79	ecoli	73
99f155ea-70ce-42f3-857c-1c26c31b7c77	ecoli	372
9a4c25cb-93cb-450f-95b6-0994dac6532a	ecoli	73
9aa2ccf2-ba1e-47af-b5c6-a80519b35cbb	ecoli	131
9b2c84bb-5207-4c47-a24a-e51647299eda	ecoli	141
9cb5951f-dc2e-48e0-9c38-7a1b5a20570f	ecoli	10
9e7af408-eafe-49cb-9c8c-efd39d997418	kpneumoniae	490
9ceb2922-7f75-487f-9783-47d90351bd77	ecoli	69
9d92c4ea-63e8-47e5-9c5b-47849367dd79	ecoli	73
9e8fa529-12ba-46d3-991e-51520a27df0b	ecoli	73
9e8fee5c-a828-4a2a-a731-d2a1f9867cd8	ecoli	73
9f7aa0d2-5c88-4b9c-8f9b-5fdd14b09025	koxytoca	22
9f11178b-e453-4426-a331-349ff43b6b3d	ecoli	2076
9f549b3e-45c5-4952-b42d-bd58848dd6f2	ecoli	404
9f9a4969-9fea-4af3-a2b4-53fdbcba8212	kpneumoniae	490
9f69a029-5688-4b99-8812-28826ca46a44	ecoli	929
9f967ade-26aa-4fdc-a408-1d910f1d43b8	ecoli	95
a0073deb-0f85-4bbe-91da-55414cd2671f	ecoli	59
a027d671-f179-42ce-88ed-c63fb30eff77	ecoli	73
a2bb3c32-cf6b-48ad-a46d-cb5013be0d81	-	-
a0ec7fa1-7432-4f94-8db1-582c3549f363	ecoli	95
a17e489e-373c-446b-a043-d88b628f418d	ecoli	10
a214edd6-b1f8-4797-b490-fe703bdc5579	ecoli	73
a23c7901-89e9-4cf8-bdb2-6d67d1d76ccd	kpneumoniae	29
a4150dc2-44ed-4855-8594-b42aaffd5b22	kpneumoniae	29
a2320c3a-e7a6-4f75-8141-8a918e353bf1	ecoli	95
a43a8dc5-87f5-445c-8a69-03ee6068bd1d	kpneumoniae	347
a36fa3d6-3e9d-4cce-bf2b-70e4d8165414	ecoli	167
a3d9f02a-1937-41db-8af1-df7a1d92f043	ecoli	127
a5ed89d8-191d-4bfd-a8aa-3f2f18fd67f8	kpneumoniae	25
a44c5aa8-1f9e-402b-afef-d42e1d012a55	ecoli	1882
a472eecb-c07f-4066-9a73-5c17165dca11	senterica	-
a4edf6a8-7594-4f7f-9f35-4e2d9de390ff	ecoli	127
a558c618-f777-48d4-9b80-4b04f04f4e6e	ecoli	95
a6f7347c-2bb8-4f27-a52f-04256796b8dc	kpneumoniae	490
a64dc5a8-74be-4e85-903e-35f46d30c98e	ecoli	428
a6b5bedb-bcfa-43a2-aefe-385472fb75c0	ecoli	404
a6837f39-b7f5-41e2-a77a-d292cb907fa7	ecoli	73
a80c0ac6-ffa6-4e7c-bc61-7b4094bbd833	kpneumoniae	490
a97f923a-b800-4ff6-be84-fae9f026b863	kpneumoniae	490
a834b0a4-c45f-42ba-9831-f1fc8f895ba8	ecoli	73
a88e4eb4-1945-41e3-91d6-5c0627f2ffcd	ecoli	95
a84784c0-13b3-455b-91b2-faea82a62a12	ecoli	131
aa48eaa9-3f72-45fa-9ce3-faf26dc9fa01	kpneumoniae	2164
aa65b2f1-839c-4a64-a1a1-836a6f4308ec	koxytoca	-
a9aeeba4-d955-429e-873b-e54dd71b2a51	senterica	2998
aa3a60d3-14da-497d-a837-a091b86933fb	ecoli	126
aac61fbd-2faa-4809-97d7-2c28d007b6a1	kpneumoniae	1108
aa6b1a88-5170-42b4-9a78-4cbf78947c7b	ecoli	131
aabe0b6e-2595-4839-8965-9fd60a4249d8	ecoli	131
ac8e8bdf-c886-4d89-b661-4314b15b74f7	ecoli	73
aba5e2b1-8d03-4946-95aa-81e1d0191e3a	ecoli	69
abaedd4e-ff9a-458c-9985-a441c7f70d95	ecoli	10
ad539dbd-9c84-47fc-bc64-0c1a25c53999	kpneumoniae	490
acb377c2-ec1b-4cc6-ba12-fbc32918ddfb	ecoli	646
acc69b5a-766e-495f-8339-5cbb1f8d7c31	ecoli	491
ad9e24a2-bec6-478e-be7b-f61044b2bb1b	kpneumoniae	134
acefbe54-3ad0-4c9e-9b40-85b0450d496e	ecoli	95
ae8f6b10-728b-44ac-9228-b709473ad2e9	ecoli	95
aeb279b9-cd14-47ad-bd78-dea057ce46ca	ecoli	393
af33b138-aacd-4318-9437-1c6e4d5cd1e0	kpneumoniae	20
aeb8bb92-3cba-4012-bcfa-d8165d6120a4	ecoli	429
aeeb649b-7d10-4680-be2b-7152deac88b4	ecoli	69
af3640e7-31ee-4377-80b8-de48e6bbe399	ecoli	10
b009917b-15a4-4089-a10e-8b14a2846d90	kpneumoniae	490
af737e75-4cf7-42a6-8089-1e9511554666	ecoli	404
af73f6e4-f2d8-4953-a8eb-2c59ab1b1c7d	ecoli	73
b0270c1a-0d58-4a61-b35b-27e58fafcc26	ecoli	420
b0679cec-2a45-473f-9e09-c297c3e0e18b	ecoli	2602
b0c7c17e-8f19-4b14-a3d1-ec13fbcfd08b	ecoli	-
b110cb89-52b1-4d70-af3e-81ea0a6a88aa	cfreundii	-
b125a18f-acea-4520-a19f-a8c2dc791ec1	ecoli	131
b1578b48-58ae-4562-82cb-4114c9edff6b	ecoli	-
b1d180f4-a523-4f0f-a4f0-ba774d87ec49	ecoli	131
b29c6cca-5f55-44b6-904a-cb7dab18b53b	ecoli	73
b3372427-79b9-43a5-b3b0-24291e9c4b7a	kpneumoniae	15
b2d698fa-c675-4536-84d8-a2f291ff0a01	ecoli	131
b447e024-6938-482a-9e3a-17c0b0d3c72e	senterica	-
b2f78e03-d97f-41fc-a1b6-61ec5e59ba73_contig	ecoli	58
b3138c73-4739-456c-aeeb-936e5c9b7657	ecoli	38
b37acb5e-8dc9-413b-a781-43453bae7246	ecoli	131
b3c43707-5ecd-4be8-bd10-4be327ba0d63	ecoli	131
b40d863d-0621-4c0d-9ad1-a4556f1793da	ecoli	399
b53e956b-08ba-4a0d-89bf-dd3dc01dfeff	ecoli	131
b4b55ee7-0b18-46d5-9f10-9eb1e5d3e245	ecoli	131
b53f0cfc-b47f-4f24-ac64-3b05ab8dc987	ecoli	5762
b59bbfe6-b7ff-46bd-82e2-c87d95b54435	ecoli	155
b607ace2-82ac-44af-87ff-852f79a4ac80	ecoli	88
b69e25a1-37c5-49c8-a6fd-3fc4701bd6aa	ecoli	127
b859b744-b1cd-487f-84ad-9fbf4932447f	kpneumoniae	35
b6b61208-7c11-4b2c-9ab8-96ed92ab2dde	ecoli	95
b921993c-b0af-4c23-b602-80b3e7a6767f	kpneumoniae	234
b7855c29-0816-447b-906c-505c464f7bf6	ecoli	95
b7b32d43-11d8-4574-b115-877dccef7149	ecoli	73
bb2d09ee-be33-423c-9073-2cf1bf28c884	kpneumoniae	-
bcd55d0e-70a3-4387-8fa9-56843db4a130	-	-
b912588c-820e-4a27-b723-e5c7737aea87	ecoli	73
b997700d-44b4-416c-9b8a-4fba5103ec75	ecoli	38
b9e1e1b7-4c86-4de9-915f-d1e903246eda	ecoli	162
bad5fbfe-6e77-4057-a1c8-010a2b6c1266	ecoli	69
bcda7b7c-1781-40e7-9743-3411f4fff7bd	kpneumoniae	490
bc82f189-419a-40e4-b039-67ce9ddd5493	ecoli	12
bc878853-2f36-48f4-a770-9453ef1ffc0f	ecoli	38
bec743c9-035a-4c0e-82cb-cc5fecd72d40	kpneumoniae	36
bd819135-ff9a-4c76-a858-35a011cbf877	ecoli	127
be1c4c72-7788-4111-b393-3a21ca194f07	ecoli	-
bdfb537a-08d8-4b6c-b896-451fae6a1060	ecoli	1193
bead5974-bbe5-4b47-beb1-c4f3de66c5bf	ecoli	73
bebf7d00-b8e2-4cdc-bf03-9641c50e3fd0	ecoli	83
bf376ee9-e4b8-4ff2-bb05-4845d1190e47	ecoli	69
bfda7835-13bd-4d92-89d1-610f197e6224	kpneumoniae	490
bf9db7a9-0f07-4fb6-9a48-ccb83fb7e14b	ecoli	12
bfe92ccc-5f4f-4d28-a8e9-26e01129185e	kpneumoniae	976
c0482dce-892b-4a08-96fa-67e3c9f56c7e	kpneumoniae	1658
c1912a4b-4abb-4f1d-8dbd-a9aefdc40f34	koxytoca	176
bfdb948f-c293-47e9-a4a3-596513851e72	ecoli	131
c03a5bc6-25c8-47ab-9836-921a26fbf788	ecoli	95
c03ee11b-7f23-43f6-8f18-e2dbd6879c1f	ecoli	10
c1c1a8ad-aba5-4116-a026-5729d385e21a	koxytoca	-
c2a2814d-feed-498c-896d-0a6cfb796acc	kaerogenes	-
c1977a0f-5a3e-4701-8b3b-455f45e19f08	ecoli	44
c1d39b67-704b-4179-98bf-f9f106974ee6	ecoli	73
c226d7ae-62bc-4ee3-b6fe-f4b75e2b518c	ecoli	80
c4615437-a611-408d-84af-819621a3937c	koxytoca	-
c2bd3042-f911-4989-a6a3-037da79f06f3	ecoli	131
c4740dbc-032f-46a8-89d7-a6a58632f4bd	koxytoca	27
c393111f-4c37-43a9-9ace-8084542e2509	ecoli	5135
c3c7b31f-8fe5-4955-85c5-c66ed55336bb	ecoli	80
c4325c17-b686-459a-b7ce-5759dc5aa6c0	ecoli	73
c449a003-8efc-4365-aed1-e884ce90d76b	ecoli	135
c6c59ad0-f2c5-4455-b6fa-686af5484c77	koxytoca	-
c52d83f6-b4eb-4dfb-80a2-7688ea8a5f1c	ecoli	404
c7b9bbef-3121-4fe5-891f-e80713065e40	kpneumoniae	490
c6dcf612-bc33-4a19-b4f1-cd709d6f33a3	ecoli	10313
c57ec1d2-2f0e-479d-bf8d-0554b7640563	ecoli	404
c6e045d2-2c75-4558-b93c-e25cb305176f	ecoli	69
c721e382-57e9-487c-b4f2-609ee2a6976b	ecoli	38
c863bd2d-64ef-4613-969b-06da92d5711f	ecoli	8611
c8c4adac-c899-4e1c-b663-6354e322e9df	kpneumoniae	490
c865c8b6-c12f-4e7a-bec0-a4abb1c436e8	ecoli	1431
c9ef33d3-de5e-4591-95de-9647350b2e71	kpneumoniae	1835
c8a274b1-2270-4516-8155-483b6a789ade	ecoli	127
ca031cf4-db3c-4ac6-a99d-58540ec155a7	kpneumoniae	15
c91c5cd4-0688-416d-a7bb-d6f39cd59459	ecoli	349
c9295066-a458-4af9-a9fd-184143065eae	ecoli	131
ca668307-64b5-47ac-bedc-fc59c77e6475	ecoli	131
cb4300b9-9df9-4b21-99ea-e065e2849fcf	ecoli	1618
cb98b1e7-d5a2-4cc2-8d0a-3fd16a833a06	ecoli	131
cc1a044d-9f5f-4e26-b6d6-aea93b3be399	ecoli	83
cca6628a-c264-4dfa-ad68-8087fc3582da	ecoli	73
cc7e88ca-afbb-4cb4-8883-53c0b30f6595	ecoli	131
ccd5a695-6aca-4a8c-b586-136eb84d8050	ecoli	58
cd4eb412-e242-4154-8250-50c45df776af	ecoli	131
cd636592-f493-4f64-9c0e-b6356dac56aa	ecoli	5389
cda014a2-e5f0-44d5-b0bf-cd1f95769e2c	ecoli	416
ce80a2ac-9391-4520-8eae-d2327ba82e4d	aeromonas	-
ce6f7f1a-cffc-4c99-bb47-2b0957faedd0	kpneumoniae	490
cdfb9535-cc4a-42a2-9e2f-84e9bdbef112	ecoli	12
ce0e099d-97fe-4afb-a37e-35e95b629c83	ecoli	607
ce971fb8-782f-4786-8b76-d7841575153c	ecoli	405
cec449a2-1764-4e66-8acb-48ff21835d95	ecoli	6332
cf0bd7e4-ee94-4a27-a395-704268bae53c	ecoli	428
cfad83ab-bc7d-4c98-887a-2a42aff3b0f8	ecoli	73
d1dad164-b992-4c2d-aae4-a205632c90e2	aeromonas	-
d25e760d-9702-47dd-bb56-2f44a92dbeff	kpneumoniae	86
d0dd1f43-406b-4ad3-bfc0-d06363bf25bb	ecoli	73
d055f9ce-f39a-4561-ab2c-ef9a7dc1075f	ecoli	12
d44c289c-8952-4725-aac9-ffccc36aa1ae	ecloacae	133
d1c792fb-a31a-42a9-b27d-1f0fe9a26ed3	kpneumoniae	17
d0ede5e5-72b9-4897-9485-4576ded26e12	ecoli	404
d316276d-a104-4060-9bdd-2073adaeaaa8	ecoli	131
d567cc2e-e9a6-42b4-9670-8fbeb9217729	kpneumoniae	252
d45ec36c-af67-4ebf-95cd-5019a47ca329	ecoli	929
d47911d6-8531-4b71-94d2-fff9272fd397	ecoli	127
d4976aaa-59a5-4032-8b6c-acce9b90d638	ecoli	963
d5c34ec8-a1eb-43e3-b49c-5f798c890c46	kpneumoniae	490
d5d517fe-cdc7-4a6b-896f-2c36c41a9a2c	kpneumoniae	-
d70e13f2-f359-40ac-b6dd-d6f099359e20	koxytoca	52
d61f77a7-5fa5-461e-84ae-c4c472dd1f08	ecoli	73
d6133301-77b2-406b-b36e-a6f71af8942c	ecoli	95
d659f2c2-bc2a-4f2a-9a7f-dffec5a05a54	ecoli	83
d7bdc12e-d657-47e5-8d47-ceaa7ce00a1b	ecoli	59
d831a391-105e-4199-942d-cd4ffb649639	ecoli	1193
d8123112-ced8-41b8-bdf7-d9ae74bb9f79	ecoli	38
d836740a-da73-445a-9696-f9291ecdd2fb	ecoli	69
d988aca8-b169-43a4-8fea-84e1fd7ef61a_contig	koxytoca	50
d85c6ac7-c400-49ab-842d-738b92863750	ecoli	131
d8ac5420-8908-4a8a-a6f9-d7361ad5ad82	ecoli	73
d975da94-b257-414d-a9ce-a2696121e235	ecoli	569
d9c4be1d-95f3-4d19-9036-77c1b64e01b8	ecoli	69
da0e1e9a-f4f3-4f80-9ef4-c1f40e057cdf	ecoli	73
db3b7ddf-6563-40b8-a352-a350543caf92	ecoli	136
db5ea3ef-5f01-4361-b7ad-a4ec96b47474	ecoli	95
db6aa2c1-bf70-4c20-a04e-ba41ee336881	ecoli	95
dbaedc99-8f40-44e1-8c3c-ea6debfb87d0	ecoli	73
db892572-31e4-4261-b69c-2ff8dfa4deb0	ecoli	10
dd856308-a756-49a9-97ff-7ed6a70233a0	koxytoca	43
dc122f36-d748-4bb6-bf85-bab3062e1c5f	ecoli	1326
dc6c7bf4-2a64-4576-aa56-adfb979dfbc9_contig	ecoli	131
dd652104-f063-4893-8fdc-1899ea8096dd_contig	ecoli	95
dd0d4e08-63d7-4bc8-8de4-f1570d2a52ec	ecoli	10
dee6bcc7-326d-492b-a5c4-a583a46bed00	kpneumoniae	-
dd89fc67-b9c8-4f01-868b-3e956046d4d8	ecoli	73
decca140-fcc8-42fc-b06f-93267467e944	ecoli	1584
de5226fd-db9f-4c69-8df7-6e31abddf219	ecoli	131
df9821e8-7027-4569-9089-0412e38363e7	ecoli	127
e09143a7-9b87-4e0b-90a2-158b74b8bd93	kpneumoniae	490
e07980e7-4404-45a8-9de4-65fc8e77939a	ecoli	69
e244b918-3858-4199-8e13-8816a8fa2a22_contig	ecloacae	148
e112ecc6-b4be-4cd7-90a5-9eed2a8aee6f	ecoli	131
e145f371-c2bd-4528-a238-e66f3843818a	ecoli	998
e15dfd21-04c3-4dff-9e22-48067a0afd3b	ecoli	95
e232ee8a-1ec4-438b-92aa-4470e782605d	ecoli	127
e2f185dd-551c-491e-95df-3f08b4e6b1c6	ecoli	-
e3274d40-cc62-46eb-9a2b-1a8c47565908	ecoli	73
e336125b-0a49-4e98-95bc-2ad0bb860011	ecoli	349
e340e655-1fde-4fba-901f-0d6a5b6342bc	ecoli	131
e3a38e94-3ffa-40d2-9803-420f6de87a16	ecoli	95
e3adcecf-448c-41bf-9102-bbc413ff0c04	ecoli	73
e3a209d9-d115-4471-b97b-0dad2f97f5d7	ecoli	141
e45e1edc-cee1-4d7e-9746-b7786bb234f7	kpneumoniae	49
e403c466-99e5-4bb8-b636-5e18504412a0	ecoli	131
e3f15ce6-b240-4daf-88ed-83416ace34f7	senterica	2998
e54fcd7f-97d4-4248-b8b0-057333c53f43	kpneumoniae	307
e41d6626-19eb-40fa-ae7b-0eac20c53a68	ecoli	69
e5100306-af93-470d-951e-09764db62cad	ecoli	-
e525c3c4-6baa-42b8-a7c4-bd821511dea5	ecoli	428
e59f56b6-78d2-46dd-a11d-8313ded0aaaf	ecoli	73
e68c5250-9eaf-440e-a4cf-e78160af0f17	ecoli	127
e73ec738-f36c-4907-9735-e47d3523a472	kpneumoniae	2504
e6c5f136-1ea0-4643-a236-99d4b212e09c	ecoli	127
e705cd5d-bf42-4bca-8837-bb5f6925a45d	ecoli	95
e7200f95-eb0e-4638-9484-bb0562776550	ecoli	676
e751485c-e022-4134-8ef4-b99890e3e0a0	ecoli	127
e8c0a565-4668-4124-8001-3ec2d3d4683a	kpneumoniae	490
e7ebc9dc-f9ef-4b1e-b794-d1bf1199573e	ecoli	73
e8481579-6283-4b68-869e-e6f321476a69	ecoli	998
e94869fb-86d8-4d1e-90b9-c36fdf7a5fc7	ecoli	429
e9656982-4bea-40f7-bda1-303435629692	ecoli	1193
e99fefc0-6d7e-4ad8-a88e-c0edfb1e5c87	kpneumoniae	490
e986cb30-5aac-42e6-be3e-1b2d7fa6f004	ecoli	131
ead0bb5b-ebd9-4044-a58d-6417126cec07	kpneumoniae	45
ea3c000e-ec7e-4a9a-ad27-9990f9eec8ce	ecoli	69
eb50dff6-73ae-40b0-8562-3890be0c2ee2	ecoli	95
ec0fe6b5-c16d-4fc1-be03-c1bec3842aef	ecoli	73
ec943d35-0532-41f1-9346-24eb7409ec57	ecoli	2613
eb65b41a-400a-4581-8fe1-91b3456ae325	ecoli	95
efd3227f-7387-4403-9e4c-a27f9eaf1b2f	kpneumoniae	490
ee33425f-447d-468d-ae25-f4c54c51e837	ecoli	38
ef275f5c-d42e-47c9-8efd-26b03a6caf0e	ecoli	95
eee8cd92-55fd-4a6a-8339-c01c7ae0b86e	ecoli	95
f03c097d-9067-4998-a320-296589628194	ecoli	38
f03e13f4-aaae-4955-9840-da9d7f97eb1a	ecoli	10
f14f08da-aafc-45c5-b3ec-5f969189b1f5	ecoli	131
f0f6aa08-7b03-4c59-950e-d34ecf4e74ae	ecoli	1193
f1657832-bf2d-4539-bacf-7f83c1666a29	ecoli	-
f20d24f8-b810-4af6-8d1a-c1ecae8ad8cf	ecoli	1193
f1bc35a7-fc3e-4efe-8b49-ffd460bcd07b	ecoli	69
f226e717-a8a0-4661-8672-9ae48d60b74e	ecoli	95
f2850458-a0bf-4ecc-a055-5737cac03637_contig	ecoli	14
f28adece-07b1-4c9b-93db-8bf6376d3053	kpneumoniae	250
f2e9f249-a27a-4c83-a224-96e1da841fc6	kpneumoniae	3234
f2e04719-2704-4d20-a249-613ad4378506	kpneumoniae	697
f4cce94a-d4b2-4636-9764-b707c36bcf1e	koxytoca	-
f385fc8e-8a6d-4954-88cd-d07b1cfa288f	ecoli	131
f34c9476-0e70-49da-822b-08ca2e371721	ecoli	95
f478749a-6818-474e-980b-1115005f6427	ecoli	2619
f5a610a2-c4a9-41ee-a5bf-2083e44759f6	-	-
f58a6151-3089-45ea-92b9-804706530bea	kpneumoniae	4226
f51de740-a6bf-45e2-a6dd-24ecddbef512	ecoli	404
f6641c4e-7fa8-474e-9aaa-6269a8feeb05	kpneumoniae	-
f5b9744f-93ff-4b40-ba1b-13b1ba767a68	ecoli	135
f5bb2ec8-0399-4b91-be6c-bc5b4f4d5cd4	ecoli	131
f5d08448-7bfa-4aae-bb59-c99ca6e397c2	ecoli	62
f6f01ec1-dc21-4025-9bcc-47652c732fe1	ecoli	131
f71fa891-d47b-4fed-aac2-65fb67a562b8	ecoli	95
f777dab3-6d62-4a0e-80a0-ee4a1be6e35d	ecoli	95
f7498995-bdc8-4385-9bf1-df331363df34	ecoli	69
f77ce94b-dd28-4bf5-b21c-14215a679e85	ecoli	394
f783313e-7ff1-404c-a4d6-a0dde1a3e778	ecoli	131
f7caa1bf-5295-4d60-a3dc-20e51c173723	ecoli	12
f9866e24-0d80-456a-869f-82b396220fd7_contig	kpneumoniae	490
f8149bd0-97e2-47b7-93c0-ad2d415991a3	ecoli	1148
f7c0be8a-4e77-49ee-8025-d30366eefbe3	ecoli	3249
f887a1ce-f0fb-4e56-85dc-9140e8f717ec	ecoli	131
f9986488-97f1-4bd6-b903-0cba10b47630	kpneumoniae	2724
f95f62b8-cf20-4fc1-a5b1-f5ecb380ddea	ecoli	141
f897b93a-3ef9-49b6-b83d-f5c274f8999c	ecoli	73
fb3f8569-e1e8-4aee-a0b7-8dfa0cc070ae	koxytoca	176
fa6b9045-b37e-40a3-9c17-1d4f1cc9693e	ecoli	131
fabc3444-0a98-4e29-a39c-4b4996c54c9e	ecoli	88
fb4ed00c-57d5-4d75-8950-aa2023c4913c	ecoli	95
fd0f38ff-d2b0-454f-b5c3-ea0ba6034a99	ecoli	144
fd364be1-4dbe-439a-bab3-1b1908a90cd2	ecoli	69
fdaaaaf6-4681-4377-b550-fe7b162149f6	ecoli	83
fe401a46-a02e-4fba-b9cb-6204c774f215	ecoli	131
fe1f30d6-bfb4-40f7-928d-f5efdfac3e19	ecoli	73
feb29786-1e95-4ac4-b274-25a7f5ef1e16	ecoli	969
ff203d2b-df66-43c4-8c1a-cfcd37a7fe00	koxytoca	50
febd419c-9284-4714-b6e7-f8654fbf8516	ecoli	70
fed033fa-c0ec-40fb-b07b-438e720a659b	ecoli	607
fecb9265-8a3d-4b57-9cdb-4fc78f08c5d6	ecoli	12
fff5f6d8-f549-4502-8ac4-816632934a91	ecoli	95
ff353a4d-634d-4bac-9b79-5a88dc833cc8	ecoli	636
